{
  "loss": 0.001117347562685609,
  "active_experts": 14,
  "total_experts": 16,
  "cv": 1.4041865830437208,
  "usage": {
    "12": 1856,
    "7": 595,
    "0": 3635,
    "5": 1917,
    "8": 277,
    "11": 198,
    "9": 360,
    "3": 331,
    "4": 238,
    "1": 188,
    "2": 295,
    "10": 64,
    "6": 40,
    "13": 6
  },
  "total_time": 96.28805708885193,
  "total_images": 90000,
  "replay": false
}