{
  "loss": 0.00282249192148447,
  "active_experts": 8,
  "total_experts": 8,
  "cv": 0.5253096229843882,
  "usage": {
    "4": 2108,
    "0": 3768,
    "3": 5013,
    "1": 1701,
    "2": 1364,
    "6": 1234,
    "5": 1364,
    "7": 3448
  }
}