{
  "loss": 0.00011228060565888882,
  "active_experts": 16,
  "total_experts": 16,
  "cv": 0.18444128171317828,
  "usage": {
    "9": 16071,
    "2": 11117,
    "10": 12091,
    "4": 9990,
    "6": 12954,
    "0": 12444,
    "7": 9330,
    "8": 11160,
    "14": 14705,
    "1": 11838,
    "13": 12169,
    "5": 16312,
    "15": 7680,
    "11": 13154,
    "3": 14093,
    "12": 14892
  },
  "total_time": 24344.04125905037,
  "num_epochs": 40,
  "num_images": 100000
}