{
  "phase1_loss": 0.0004452940377406776,
  "phase2_loss": 0.0004452914023875362,
  "active_experts": 16,
  "total_experts": 16,
  "cv": 1.0690659279950885,
  "usage": {
    "15": 9228,
    "8": 28617,
    "0": 19445,
    "10": 48972,
    "3": 5233,
    "13": 6795,
    "14": 33701,
    "7": 7654,
    "1": 17483,
    "5": 2621,
    "4": 4773,
    "6": 2773,
    "9": 2793,
    "11": 7412,
    "12": 1399,
    "2": 1101
  },
  "total_time": 1632.3499720096588,
  "phase1_time": 287.4251129627228,
  "phase2_time": 1330.6756219863892,
  "phase1_images": 10000,
  "phase2_images": 90000
}